INSERT INTO LAB3MU_DEPARTMENT (DEPARTMENT_ID, DEPARTMENT_NAME, DEPARTMENT_BUDGET) VALUES (1, 'Boss dept', 200000);

INSERT INTO LAB3MU_DEPARTMENT (DEPARTMENT_ID, DEPARTMENT_NAME, DEPARTMENT_BUDGET) VALUES (2, 'Doctor dept', 100000);



INSERT INTO LAB3MU_JOBS(JOB_ID, JOB_NAME, MIN_SALARY, MAX_SALARY) VALUES (1, 'BOSS', 10000, 50000);

INSERT INTO LAB3MU_JOBS(JOB_ID, JOB_NAME, MIN_SALARY, MAX_SALARY) VALUES (2, 'DOCTOR', 1000, 10000);

INSERT INTO LAB3MU_JOBS(JOB_ID, JOB_NAME, MIN_SALARY, MAX_SALARY) VALUES (3, 'INTERN', 100, 1000);



INSERT INTO LAB3MU_MEDICINE(MEDICINE_ID, MEDICINE_NAME, ADMISSION_DAYS, PROVIDER_NAME) VALUES (1, 'Paracetamol', 12, 'Angelini');

INSERT INTO LAB3MU_MEDICINE(MEDICINE_ID, MEDICINE_NAME, ADMISSION_DAYS, PROVIDER_NAME) VALUES (2, 'Assassinit', 10, 'Abstergo');

INSERT INTO LAB3MU_MEDICINE(MEDICINE_ID, MEDICINE_NAME, ADMISSION_DAYS, PROVIDER_NAME) VALUES (3, 'Boletus Mortis', 15, 'Blizzad');



INSERT INTO LAB3MU_TREATMENT(TREATMENT_ID, DURATION_DAYS, NAME_OF_TREATMENT) VALUES (1, 5, 'Dropper');

INSERT INTO LAB3MU_TREATMENT(TREATMENT_ID, DURATION_DAYS, NAME_OF_TREATMENT) VALUES (2, 2, 'Inhalation');

INSERT INTO LAB3MU_TREATMENT(TREATMENT_ID, DURATION_DAYS, NAME_OF_TREATMENT) VALUES (3, 4, 'Acupuncture therapy');


INSERT INTO LAB3MU_DIAGNOSIS(DIAGNOSIS_ID, DAY_TO_DEATH, DIAGNOSIS_NAME, TREATMENT_ID) VALUES (1, 23, 'Stroke', 1);

INSERT INTO LAB3MU_DIAGNOSIS(DIAGNOSIS_ID, DAY_TO_DEATH, DIAGNOSIS_NAME, TREATMENT_ID) VALUES (2, NULL, 'Loss of feeling', 3);

INSERT INTO LAB3MU_DIAGNOSIS(DIAGNOSIS_ID, DAY_TO_DEATH, DIAGNOSIS_NAME, TREATMENT_ID) VALUES (3, 30, 'Asthma', 1);



INSERT INTO LAB3MU_PATIENT(PATIENT_ID, FIRST_NAME, LAST_NAME, POSITION, PHONE, ADDRESS, DIAGNOSIS_ID, MEDICINE_ID) VALUES (1, 'Leeroy', 'Jenkins', 'VIP', 8800, 'ADDRESS_Leeroy', 1, 3);

INSERT INTO LAB3MU_PATIENT(PATIENT_ID, FIRST_NAME, LAST_NAME, POSITION, PHONE, ADDRESS, DIAGNOSIS_ID, MEDICINE_ID) VALUES (2, 'Ezio', 'Auditore', 'STANDARD', 1234, 'ADDRESS_Ezio', 2, 2);

INSERT INTO LAB3MU_PATIENT(PATIENT_ID, FIRST_NAME, LAST_NAME, POSITION, PHONE, ADDRESS, DIAGNOSIS_ID, MEDICINE_ID) VALUES (3, 'Tommy', 'Angelo', 'VIP', 5467, 'ADDRESS_Tommy', 2, 2);



INSERT INTO LAB3MU_PERSONAL(PERSONAL_ID, FIRST_NAME, LAST_NAME, BOSS_ID, JOB_ID, COMMISSIONS, SALARY, DEPARTMENT_ID, PATIENT_ID) VALUES (1, 'John', 'Smith', NULL, 1, 0.92, 20000, 1, NULL);

INSERT INTO LAB3MU_PERSONAL(PERSONAL_ID, FIRST_NAME, LAST_NAME, BOSS_ID, JOB_ID, COMMISSIONS, SALARY, DEPARTMENT_ID, PATIENT_ID) VALUES (2, 'Tod', 'Howard', 1, 2, 0.2, 5000, 2, 1);

INSERT INTO LAB3MU_PERSONAL(PERSONAL_ID, FIRST_NAME, LAST_NAME, BOSS_ID, JOB_ID, COMMISSIONS, SALARY, DEPARTMENT_ID, PATIENT_ID) VALUES (3, 'Phil', 'Spencer', 1, 2, 0.3, 3000, 2, 3);

INSERT INTO LAB3MU_PERSONAL(PERSONAL_ID, FIRST_NAME, LAST_NAME, BOSS_ID, JOB_ID, COMMISSIONS, SALARY, DEPARTMENT_ID, PATIENT_ID) VALUES (4, 'Bobby', 'Kotick', 2, 3, NULL, 100, 2, 2);



INSERT INTO LAB3MU_USER_DATA(PERSONAL_ID, USER_NAME, PASSWORD, ROLE, ENABLE) VALUES (1, 'admin', 'admin', 'ROLE_ADMIN', 1);

INSERT INTO LAB3MU_USER_DATA(PERSONAL_ID, USER_NAME, PASSWORD, ROLE, ENABLE) VALUES (2, 'tod', 'user', 'ROLE_DOCTOR', 1);

INSERT INTO LAB3MU_USER_DATA(PERSONAL_ID, USER_NAME, PASSWORD, ROLE, ENABLE) VALUES (3, 'phil', 'user', 'ROLE_DOCTOR', 1);

INSERT INTO LAB3MU_USER_DATA(PERSONAL_ID, USER_NAME, PASSWORD, ROLE, ENABLE) VALUES (4, 'bobby', 'user', 'ROLE_INTERN', 1);


